[
{
    "model": "admin.logentry",
    "pk": 1,
    "fields": {
        "action_time": "2022-04-14T23:42:21.299",
        "user": 1,
        "content_type": 3,
        "object_id": "1",
        "object_repr": "staff",
        "action_flag": 1,
        "change_message": "[{\"added\": {}}]"
    }
},
{
    "model": "admin.logentry",
    "pk": 2,
    "fields": {
        "action_time": "2022-04-14T23:42:23.627",
        "user": 1,
        "content_type": 3,
        "object_id": "2",
        "object_repr": "caretaker",
        "action_flag": 1,
        "change_message": "[{\"added\": {}}]"
    }
},
{
    "model": "admin.logentry",
    "pk": 3,
    "fields": {
        "action_time": "2022-04-14T23:42:26.746",
        "user": 1,
        "content_type": 3,
        "object_id": "3",
        "object_repr": "healthcareprofessional",
        "action_flag": 1,
        "change_message": "[{\"added\": {}}]"
    }
},
{
    "model": "admin.logentry",
    "pk": 4,
    "fields": {
        "action_time": "2022-04-15T04:50:06.690",
        "user": 1,
        "content_type": 3,
        "object_id": "2",
        "object_repr": "caretaker",
        "action_flag": 2,
        "change_message": "[{\"changed\": {\"fields\": [\"Permissions\"]}}]"
    }
},
{
    "model": "admin.logentry",
    "pk": 5,
    "fields": {
        "action_time": "2022-04-15T04:50:37.560",
        "user": 1,
        "content_type": 3,
        "object_id": "3",
        "object_repr": "healthcareprofessional",
        "action_flag": 2,
        "change_message": "[{\"changed\": {\"fields\": [\"Permissions\"]}}]"
    }
},
{
    "model": "admin.logentry",
    "pk": 6,
    "fields": {
        "action_time": "2022-04-15T04:53:05.380",
        "user": 1,
        "content_type": 3,
        "object_id": "1",
        "object_repr": "staff",
        "action_flag": 2,
        "change_message": "[{\"changed\": {\"fields\": [\"Permissions\"]}}]"
    }
},
{
    "model": "admin.logentry",
    "pk": 7,
    "fields": {
        "action_time": "2022-04-15T05:03:02.434",
        "user": 1,
        "content_type": 3,
        "object_id": "1",
        "object_repr": "staff",
        "action_flag": 2,
        "change_message": "[{\"changed\": {\"fields\": [\"Permissions\"]}}]"
    }
},
{
    "model": "admin.logentry",
    "pk": 8,
    "fields": {
        "action_time": "2022-04-15T05:05:41.388",
        "user": 1,
        "content_type": 3,
        "object_id": "1",
        "object_repr": "staff",
        "action_flag": 2,
        "change_message": "[{\"changed\": {\"fields\": [\"Permissions\"]}}]"
    }
},
{
    "model": "admin.logentry",
    "pk": 9,
    "fields": {
        "action_time": "2022-04-15T05:06:20.391",
        "user": 1,
        "content_type": 3,
        "object_id": "3",
        "object_repr": "healthcareprofessional",
        "action_flag": 2,
        "change_message": "[{\"changed\": {\"fields\": [\"Permissions\"]}}]"
    }
},
{
    "model": "auth.group",
    "pk": 1,
    "fields": {
        "name": "staff",
        "permissions": [
            29,
            30,
            32,
            33,
            34,
            36,
            81,
            82,
            84,
            37,
            38,
            39,
            40,
            77,
            78,
            79,
            80,
            69,
            70,
            72,
            89,
            92,
            96,
            61,
            62,
            63,
            64,
            53,
            54,
            56
        ]
    }
},
{
    "model": "auth.group",
    "pk": 2,
    "fields": {
        "name": "caretaker",
        "permissions": [
            30,
            32,
            53,
            56
        ]
    }
},
{
    "model": "auth.group",
    "pk": 3,
    "fields": {
        "name": "healthcareprofessional",
        "permissions": [
            40,
            92,
            57,
            58,
            59,
            60,
            56
        ]
    }
},
{
    "model": "auth.user",
    "pk": 1,
    "fields": {
        "password": "pbkdf2_sha256$320000$15c2P7lBeo7hGxuSk5Cqgu$yPalkZP9tpgZsRt+tb5LlEj1SgbFf+YDINIpQT2ro1s=",
        "last_login": "2022-04-15T05:05:25.205",
        "is_superuser": true,
        "username": "admin00",
        "first_name": "",
        "last_name": "",
        "email": "hutnik.markus@uwlax.edu",
        "is_staff": true,
        "is_active": true,
        "date_joined": "2022-04-14T23:42:00.091",
        "groups": [],
        "user_permissions": []
    }
},
{
    "model": "auth.user",
    "pk": 2,
    "fields": {
        "password": "pbkdf2_sha256$320000$WMZ2trtkRWqAyvajzfHmIa$huu/WUxdKxxQWZBw6/W2mr0h8KKAJvjhdtBy0iFXiQk=",
        "last_login": "2022-04-15T05:03:15.760",
        "is_superuser": false,
        "username": "Monroe02",
        "first_name": "Lisbeth",
        "last_name": "Monroe",
        "email": "hutnik.markus@uwlax.edu",
        "is_staff": false,
        "is_active": true,
        "date_joined": "2022-04-15T01:04:38.248",
        "groups": [
            1
        ],
        "user_permissions": []
    }
},
{
    "model": "auth.user",
    "pk": 3,
    "fields": {
        "password": "pbkdf2_sha256$320000$yn0MRIWOxJi8QhBrEBiGb2$j5aegy3jwidutoah3LPrgDS08rt/zdA7HzDEUw5dIoQ=",
        "last_login": "2022-04-14T23:42:15.205",
        "is_superuser": false,
        "username": "Weiner03",
        "first_name": "Jacob",
        "last_name": "Weiner",
        "email": "hutnik.markus@uwlax.edu",
        "is_staff": false,
        "is_active": true,
        "date_joined": "2022-04-15T01:04:38.420",
        "groups": [
            1
        ],
        "user_permissions": []
    }
},
{
    "model": "auth.user",
    "pk": 4,
    "fields": {
        "password": "pbkdf2_sha256$320000$NqaDfedr2jfTrmL1ubNSsv$GKgnH7kYzHUXJhGJy4lIckLUFDa8gxw6cMh9NAseXNI=",
        "last_login": "2022-04-14T23:42:15.205",
        "is_superuser": false,
        "username": "Marcos04",
        "first_name": "Rachel",
        "last_name": "Marcos",
        "email": "hutnik.markus@uwlax.edu",
        "is_staff": false,
        "is_active": true,
        "date_joined": "2022-04-15T01:04:38.576",
        "groups": [
            1
        ],
        "user_permissions": []
    }
},
{
    "model": "auth.user",
    "pk": 5,
    "fields": {
        "password": "pbkdf2_sha256$320000$nOOn8lseoovhjXI4rgdzgj$5ATL3bhbq4i5305H4KphSJluFegAWCd2jE0/2MEDmug=",
        "last_login": "2022-04-14T23:42:15.205",
        "is_superuser": false,
        "username": "Richman05",
        "first_name": "Brandon",
        "last_name": "Richman",
        "email": "hutnik.markus@uwlax.edu",
        "is_staff": false,
        "is_active": true,
        "date_joined": "2022-04-15T01:04:38.742",
        "groups": [
            1
        ],
        "user_permissions": []
    }
},
{
    "model": "auth.user",
    "pk": 6,
    "fields": {
        "password": "pbkdf2_sha256$320000$PwOA3mP2s28zJ9BpLQS8il$c68JqwegJWPGxYIHeR3Cq/mVnF7PmgOnGSy+qTz0Vdw=",
        "last_login": "2022-04-14T23:42:15.205",
        "is_superuser": false,
        "username": "Norman06",
        "first_name": "Melinda",
        "last_name": "Norman",
        "email": "hutnik.markus@uwlax.edu",
        "is_staff": false,
        "is_active": true,
        "date_joined": "2022-04-15T01:04:38.895",
        "groups": [
            1
        ],
        "user_permissions": []
    }
},
{
    "model": "auth.user",
    "pk": 7,
    "fields": {
        "password": "pbkdf2_sha256$320000$oQ8Y9ArmPlbUG4npWPJbT0$8hhEYQHJSJKzAifpzkVrLGh0Tje+GKgoKPVZyrN8ifA=",
        "last_login": "2022-04-14T23:42:15.205",
        "is_superuser": false,
        "username": "Huang07",
        "first_name": "Lei",
        "last_name": "Huang",
        "email": "hutnik.markus@uwlax.edu",
        "is_staff": false,
        "is_active": true,
        "date_joined": "2022-04-15T01:04:39.046",
        "groups": [
            1
        ],
        "user_permissions": []
    }
},
{
    "model": "auth.user",
    "pk": 8,
    "fields": {
        "password": "pbkdf2_sha256$320000$nQUHQzVBe11KEaAs32JP4e$8+izBSqwZbgLK2N/aFPFnyLNMLUZ7iGG8aV2rOXQ+ew=",
        "last_login": "2022-04-14T23:42:15.205",
        "is_superuser": false,
        "username": "Dillon08",
        "first_name": "Kim",
        "last_name": "Dillon",
        "email": "hutnik.markus@uwlax.edu",
        "is_staff": false,
        "is_active": true,
        "date_joined": "2022-04-15T01:04:39.204",
        "groups": [
            1
        ],
        "user_permissions": []
    }
},
{
    "model": "auth.user",
    "pk": 9,
    "fields": {
        "password": "pbkdf2_sha256$320000$GRQxIZtSkzcW1QC9ncEkwY$LmW1A3Yc4yonkvK4eU8A92AG9Cp/SVUTvzMJ4lb1ZPw=",
        "last_login": "2022-04-14T23:42:15.205",
        "is_superuser": false,
        "username": "Cobb09",
        "first_name": "Erica",
        "last_name": "Cobb",
        "email": "hutnik.markus@uwlax.edu",
        "is_staff": false,
        "is_active": true,
        "date_joined": "2022-04-15T01:04:39.358",
        "groups": [
            1
        ],
        "user_permissions": []
    }
},
{
    "model": "auth.user",
    "pk": 10,
    "fields": {
        "password": "pbkdf2_sha256$320000$DBf2mg2cj6uBDxsz1sLgY6$TuVFNq2c3Zgaoo7uQ4pqsxfi0+qC0w7s31M9ao+rsf0=",
        "last_login": "2022-04-14T23:42:15.205",
        "is_superuser": false,
        "username": "Albert10",
        "first_name": "Shirley",
        "last_name": "Albert",
        "email": "hutnik.markus@uwlax.edu",
        "is_staff": false,
        "is_active": true,
        "date_joined": "2022-04-15T01:04:51.350",
        "groups": [
            3
        ],
        "user_permissions": []
    }
},
{
    "model": "auth.user",
    "pk": 11,
    "fields": {
        "password": "pbkdf2_sha256$320000$OAQty79LwXJmmRB42GMsnu$+rIomHVqx+YR7eYc5DtJZVvMLxNt6yNth9hSNWmY9+Y=",
        "last_login": "2022-04-14T23:42:15.205",
        "is_superuser": false,
        "username": "Adams11",
        "first_name": "Joanne",
        "last_name": "Adams",
        "email": "hutnik.markus@uwlax.edu",
        "is_staff": false,
        "is_active": true,
        "date_joined": "2022-04-15T01:04:51.526",
        "groups": [
            3
        ],
        "user_permissions": []
    }
},
{
    "model": "auth.user",
    "pk": 12,
    "fields": {
        "password": "pbkdf2_sha256$320000$RhbMelMVE6eKKlaizzC9ge$aLvR78y5x7AubsbkPQAts3bS51+TUY4wtYb4dvJiTuM=",
        "last_login": "2022-04-14T23:42:15.205",
        "is_superuser": false,
        "username": "James12",
        "first_name": "William",
        "last_name": "James",
        "email": "hutnik.markus@uwlax.edu",
        "is_staff": false,
        "is_active": true,
        "date_joined": "2022-04-15T01:04:51.692",
        "groups": [
            3
        ],
        "user_permissions": []
    }
},
{
    "model": "auth.user",
    "pk": 13,
    "fields": {
        "password": "pbkdf2_sha256$320000$w1Pe9Lo2kYyonUlTVYfUl6$JtGgunJxyN2hosvzPzd/07TSefyTaymsX0DrXhgbN0s=",
        "last_login": "2022-04-14T23:42:15.205",
        "is_superuser": false,
        "username": "Bensen13",
        "first_name": "Delores",
        "last_name": "Bensen",
        "email": "hutnik.markus@uwlax.edu",
        "is_staff": false,
        "is_active": true,
        "date_joined": "2022-04-15T01:04:51.854",
        "groups": [
            3
        ],
        "user_permissions": []
    }
},
{
    "model": "auth.user",
    "pk": 14,
    "fields": {
        "password": "pbkdf2_sha256$320000$TnX7NJBcXOhgfVE2t3L1st$787Z8VrbiYSSLhw1qk8R08gAxjj/pLWZTXSrSiTkpGA=",
        "last_login": "2022-04-14T23:42:15.205",
        "is_superuser": false,
        "username": "Wilkinson14",
        "first_name": "Martha",
        "last_name": "Wilkinson",
        "email": "hutnik.markus@uwlax.edu",
        "is_staff": false,
        "is_active": true,
        "date_joined": "2022-04-15T01:04:52.016",
        "groups": [
            3
        ],
        "user_permissions": []
    }
},
{
    "model": "auth.user",
    "pk": 15,
    "fields": {
        "password": "pbkdf2_sha256$320000$zC4kjIJDF8cq72WlPmCzqe$/wpa75/mZAiATQffVJcYu6pV3XU/yuzneu+E1tH4ZLQ=",
        "last_login": "2022-04-14T23:42:15.205",
        "is_superuser": false,
        "username": "Goldorf15",
        "first_name": "Brian",
        "last_name": "Goldorf",
        "email": "hutnik.markus@uwlax.edu",
        "is_staff": false,
        "is_active": true,
        "date_joined": "2022-04-15T01:04:52.200",
        "groups": [
            3
        ],
        "user_permissions": []
    }
},
{
    "model": "auth.user",
    "pk": 16,
    "fields": {
        "password": "pbkdf2_sha256$320000$PO4DOQbazXM3IU9sqUfdDx$oBPwEVwl/Obp9ZK6ICFoH6rb7q8n7dygEoqiy4A8TEk=",
        "last_login": "2022-04-14T23:42:15.205",
        "is_superuser": false,
        "username": "Briggs16",
        "first_name": "Kimberly",
        "last_name": "Briggs",
        "email": "hutnik.markus@uwlax.edu",
        "is_staff": false,
        "is_active": true,
        "date_joined": "2022-04-15T01:04:52.365",
        "groups": [
            3
        ],
        "user_permissions": []
    }
},
{
    "model": "auth.user",
    "pk": 17,
    "fields": {
        "password": "pbkdf2_sha256$320000$IWexiraw9IzimhvoniKzwj$3Zw6rb007SckHY/101Ny9w0JXVXnQy71hXqbJu5nF/0=",
        "last_login": "2022-04-14T23:42:15.205",
        "is_superuser": false,
        "username": "Cooper17",
        "first_name": "Thomas",
        "last_name": "Cooper",
        "email": "hutnik.markus@uwlax.edu",
        "is_staff": false,
        "is_active": true,
        "date_joined": "2022-04-15T01:04:52.515",
        "groups": [
            3
        ],
        "user_permissions": []
    }
},
{
    "model": "auth.user",
    "pk": 18,
    "fields": {
        "password": "pbkdf2_sha256$320000$tm5qte672V0R00XSuWbdGL$WZff4tkXpYi0d80IrucNKtnIdNmGhzxculzMCrZ7lJs=",
        "last_login": "2022-04-14T23:42:15.205",
        "is_superuser": false,
        "username": "Sanderson18",
        "first_name": "Clement",
        "last_name": "Sanderson",
        "email": "hutnik.markus@uwlax.edu",
        "is_staff": false,
        "is_active": true,
        "date_joined": "2022-04-15T01:04:52.677",
        "groups": [
            3
        ],
        "user_permissions": []
    }
},
{
    "model": "auth.user",
    "pk": 19,
    "fields": {
        "password": "pbkdf2_sha256$320000$TU0ebAwFVyoE2GhpSQT78j$Hn8NMGeJYDhqo+krlUEFRPBH/RogLf1IwnnbJdXy6yQ=",
        "last_login": "2022-04-14T23:42:15.205",
        "is_superuser": false,
        "username": "White19",
        "first_name": "Rocky",
        "last_name": "White",
        "email": "hutnik.markus@uwlax.edu",
        "is_staff": false,
        "is_active": true,
        "date_joined": "2022-04-15T01:04:52.830",
        "groups": [
            3
        ],
        "user_permissions": []
    }
},
{
    "model": "auth.user",
    "pk": 20,
    "fields": {
        "password": "pbkdf2_sha256$320000$U7luTBACUuSkRPYbIk7Yvp$NfSIn7iPwMPmfSOrhphCFRsUeNqj1SUXKDGp0IrR1Hg=",
        "last_login": "2022-04-14T23:42:15.205",
        "is_superuser": false,
        "username": "Hansen20",
        "first_name": "Sue",
        "last_name": "Hansen",
        "email": "hutnik.markus@uwlax.edu",
        "is_staff": false,
        "is_active": true,
        "date_joined": "2022-04-15T01:04:52.989",
        "groups": [
            3
        ],
        "user_permissions": []
    }
},
{
    "model": "auth.user",
    "pk": 21,
    "fields": {
        "password": "pbkdf2_sha256$320000$PruuiXoM648fL4TJrDC7Gu$pzzHH6GVZftI7eS9RkAWITOa8o9vtr4rP1PPg37B3NE=",
        "last_login": "2022-04-14T23:42:15.205",
        "is_superuser": false,
        "username": "Wang21",
        "first_name": "Daniel",
        "last_name": "Wang",
        "email": "hutnik.markus@uwlax.edu",
        "is_staff": false,
        "is_active": true,
        "date_joined": "2022-04-15T01:04:53.145",
        "groups": [
            3
        ],
        "user_permissions": []
    }
},
{
    "model": "auth.user",
    "pk": 22,
    "fields": {
        "password": "pbkdf2_sha256$320000$NzFOwXMHKnfGwnFNphaidy$ca+y98l49g+yvUJII6UcTTiUG84HIito24j2c1bH5I0=",
        "last_login": "2022-04-14T23:42:15.205",
        "is_superuser": false,
        "username": "Singh22",
        "first_name": "Arjun",
        "last_name": "Singh",
        "email": "hutnik.markus@uwlax.edu",
        "is_staff": false,
        "is_active": true,
        "date_joined": "2022-04-15T01:04:53.301",
        "groups": [
            3
        ],
        "user_permissions": []
    }
},
{
    "model": "auth.user",
    "pk": 23,
    "fields": {
        "password": "pbkdf2_sha256$320000$lb03TUFdKzwaLsKRA2LPtT$dnbOWbnbRLpTw/7/KiZpoeSl+jh9uQj1nf6XechGMT0=",
        "last_login": "2022-04-14T23:42:15.205",
        "is_superuser": false,
        "username": "Tangen23",
        "first_name": "Laura",
        "last_name": "Tangen",
        "email": "hutnik.markus@uwlax.edu",
        "is_staff": false,
        "is_active": true,
        "date_joined": "2022-04-15T01:04:53.455",
        "groups": [
            3
        ],
        "user_permissions": []
    }
},
{
    "model": "auth.user",
    "pk": 24,
    "fields": {
        "password": "pbkdf2_sha256$320000$iDrzyS1SM8oGqJa7qfTwih$pyxhomCUDsePGM43lF5jQVbAJZXeL3+9SIMkMwrv02E=",
        "last_login": "2022-04-14T23:42:15.205",
        "is_superuser": false,
        "username": "Thomson24",
        "first_name": "Malane",
        "last_name": "Thomson",
        "email": "hutnik.markus@uwlax.edu",
        "is_staff": false,
        "is_active": true,
        "date_joined": "2022-04-15T01:04:53.610",
        "groups": [
            3
        ],
        "user_permissions": []
    }
},
{
    "model": "auth.user",
    "pk": 25,
    "fields": {
        "password": "pbkdf2_sha256$320000$6J9a3DrXb18Cs7eqQ35yWJ$HAR/wPooH4pQBW9Ze8NHlfBbHCedUitpgSZudlBFXyI=",
        "last_login": "2022-04-14T23:42:15.205",
        "is_superuser": false,
        "username": "Suzuki25",
        "first_name": "Minato",
        "last_name": "Suzuki",
        "email": "hutnik.markus@uwlax.edu",
        "is_staff": false,
        "is_active": true,
        "date_joined": "2022-04-15T01:04:56.463",
        "groups": [
            2
        ],
        "user_permissions": []
    }
},
{
    "model": "auth.user",
    "pk": 26,
    "fields": {
        "password": "pbkdf2_sha256$320000$C82PY2FphVZe9KXu0vpjCT$8qayC4B7uZIi68auBKG9AugFd8T/ll20kiu6Rrn6eh8=",
        "last_login": "2022-04-14T23:42:15.205",
        "is_superuser": false,
        "username": "Leonardo26",
        "first_name": "Angela",
        "last_name": "Leonardo",
        "email": "hutnik.markus@uwlax.edu",
        "is_staff": false,
        "is_active": true,
        "date_joined": "2022-04-15T01:04:56.626",
        "groups": [
            2
        ],
        "user_permissions": []
    }
},
{
    "model": "auth.user",
    "pk": 27,
    "fields": {
        "password": "pbkdf2_sha256$320000$E3E3EcYc4TnpjYbvrYzVC5$fxxmY7ddkkJS5/xmV2NDf0B5j/pXGoIdAYOaAhc1D98=",
        "last_login": "2022-04-14T23:42:15.205",
        "is_superuser": false,
        "username": "Mahajan27",
        "first_name": "Rajan",
        "last_name": "Mahajan",
        "email": "hutnik.markus@uwlax.edu",
        "is_staff": false,
        "is_active": true,
        "date_joined": "2022-04-15T01:04:56.777",
        "groups": [
            2
        ],
        "user_permissions": []
    }
},
{
    "model": "auth.user",
    "pk": 28,
    "fields": {
        "password": "pbkdf2_sha256$320000$c3fFT8ETNmxPrALJ1MC7fD$QSxlhwIB6KfjynONxO7PWLw6CpaZM2c2DeDnoPbhQJs=",
        "last_login": "2022-04-14T23:42:15.205",
        "is_superuser": false,
        "username": "Wauker28",
        "first_name": "Christie",
        "last_name": "Wauker",
        "email": "hutnik.markus@uwlax.edu",
        "is_staff": false,
        "is_active": true,
        "date_joined": "2022-04-15T01:04:56.934",
        "groups": [
            2
        ],
        "user_permissions": []
    }
},
{
    "model": "auth.user",
    "pk": 29,
    "fields": {
        "password": "pbkdf2_sha256$320000$o67ubaNAqBzqxnRcLQiq4g$gElqj+rnvHjJFFfdaHnfoxJqdiSMRUWHgPyQfoN9WnU=",
        "last_login": "2022-04-14T23:42:15.205",
        "is_superuser": false,
        "username": "Zhang29",
        "first_name": "Xu",
        "last_name": "Zhang",
        "email": "hutnik.markus@uwlax.edu",
        "is_staff": false,
        "is_active": true,
        "date_joined": "2022-04-15T01:04:57.115",
        "groups": [
            2
        ],
        "user_permissions": []
    }
},
{
    "model": "sessions.session",
    "pk": "gi6ubz5y9w667yum8dklvbz7tfxlx2r5",
    "fields": {
        "session_data": ".eJxVjDsOwjAQBe_iGllr4i8lPWewvN41DiBHipMKcXcSKQW0b2beW8S0LjWunec4krgIJU6_G6b85LYDeqR2n2Se2jKPKHdFHrTL20T8uh7u30FNvW41oIMygAYC4401iqBo5z2FYIN1aM9qQ8BsC1LwQ9KMnEEThcKIKD5fvAQ4BQ:1nfE97:m24yz5DudZk3EW31pq46YPNU7Mm2SA-EdsfbMFofK4A",
        "expire_date": "2022-04-29T05:05:25.223"
    }
},
{
    "model": "sessions.session",
    "pk": "nzm8mcaubj8c6l16ia0h026a29d3j1hk",
    "fields": {
        "session_data": ".eJxVjDsOwjAQBe_iGllr4i8lPWewvN41DiBHipMKcXcSKQW0b2beW8S0LjWunec4krgIJU6_G6b85LYDeqR2n2Se2jKPKHdFHrTL20T8uh7u30FNvW41oIMygAYC4401iqBo5z2FYIN1aM9qQ8BsC1LwQ9KMnEEThcKIKD5fvAQ4BQ:1nf96N:drLh6bZnyk_1LyWzDovezgeLdwLFWXrHwhQvF08pPZw",
        "expire_date": "2022-04-28T23:42:15.221"
    }
},
{
    "model": "agency_api.educationtype",
    "pk": 1,
    "fields": {
        "name": "Bachelors"
    }
},
{
    "model": "agency_api.educationtype",
    "pk": 2,
    "fields": {
        "name": "Masters"
    }
},
{
    "model": "agency_api.educationtype",
    "pk": 3,
    "fields": {
        "name": "PHD"
    }
},
{
    "model": "agency_api.securityquestion",
    "pk": 1,
    "fields": {
        "question": "What is your favourite city?"
    }
},
{
    "model": "agency_api.securityquestion",
    "pk": 2,
    "fields": {
        "question": "What is your favourite color?"
    }
},
{
    "model": "agency_api.securityquestion",
    "pk": 3,
    "fields": {
        "question": "What is your favourite car?"
    }
},
{
    "model": "agency_api.securityquestion",
    "pk": 4,
    "fields": {
        "question": "What is the name of the city in which you were born?"
    }
},
{
    "model": "agency_api.securityquestion",
    "pk": 5,
    "fields": {
        "question": "What is your mother's maiden name?"
    }
},
{
    "model": "agency_api.securityquestion",
    "pk": 6,
    "fields": {
        "question": "What is your favourite move?"
    }
},
{
    "model": "agency_api.securityquestion",
    "pk": 7,
    "fields": {
        "question": "What is the name of your pet?"
    }
},
{
    "model": "agency_api.securityquestion",
    "pk": 8,
    "fields": {
        "question": "What is the name of your oldest sibling?"
    }
},
{
    "model": "agency_api.securityquestion",
    "pk": 9,
    "fields": {
        "question": "Which is the dream city in which you would like to work?"
    }
},
{
    "model": "agency_api.securityquestion",
    "pk": 10,
    "fields": {
        "question": "In which year you graduated from high school?"
    }
},
{
    "model": "agency_api.securityquestion",
    "pk": 11,
    "fields": {
        "question": "What is the nickname of your best friend?"
    }
},
{
    "model": "agency_api.securityquestion",
    "pk": 12,
    "fields": {
        "question": "What is the name of your best family friend?"
    }
},
{
    "model": "agency_api.securityquestion",
    "pk": 13,
    "fields": {
        "question": "What is your favourite food?"
    }
},
{
    "model": "agency_api.securityquestion",
    "pk": 14,
    "fields": {
        "question": "Who is your favourite teacher?"
    }
},
{
    "model": "agency_api.securityquestion",
    "pk": 15,
    "fields": {
        "question": "What is your favourite drink?"
    }
},
{
    "model": "agency_api.servicetype",
    "pk": 1,
    "fields": {
        "name": "Nurse",
        "hourly_rate": "100.00",
        "earliest_work_time": "06:00:00",
        "latest_work_time": "18:00:00"
    }
},
{
    "model": "agency_api.servicetype",
    "pk": 2,
    "fields": {
        "name": "Physiotherapist",
        "hourly_rate": "150.00",
        "earliest_work_time": "06:00:00",
        "latest_work_time": "18:00:00"
    }
},
{
    "model": "agency_api.servicetype",
    "pk": 3,
    "fields": {
        "name": "Psychiatrist",
        "hourly_rate": "250.00",
        "earliest_work_time": "06:00:00",
        "latest_work_time": "20:00:00"
    }
},
{
    "model": "agency_api.securityquestionanswer",
    "pk": 1,
    "fields": {
        "user": 1,
        "question": 2,
        "answer": "blue"
    }
},
{
    "model": "agency_api.securityquestionanswer",
    "pk": 2,
    "fields": {
        "user": 1,
        "question": 7,
        "answer": "yetti"
    }
},
{
    "model": "agency_api.securityquestionanswer",
    "pk": 3,
    "fields": {
        "user": 1,
        "question": 15,
        "answer": "coffee"
    }
},
{
    "model": "agency_api.securityquestionanswer",
    "pk": 4,
    "fields": {
        "user": 2,
        "question": 2,
        "answer": "blue"
    }
},
{
    "model": "agency_api.securityquestionanswer",
    "pk": 5,
    "fields": {
        "user": 2,
        "question": 7,
        "answer": "yetti"
    }
},
{
    "model": "agency_api.securityquestionanswer",
    "pk": 6,
    "fields": {
        "user": 2,
        "question": 15,
        "answer": "coffee"
    }
},
{
    "model": "agency_api.securityquestionanswer",
    "pk": 7,
    "fields": {
        "user": 3,
        "question": 2,
        "answer": "blue"
    }
},
{
    "model": "agency_api.securityquestionanswer",
    "pk": 8,
    "fields": {
        "user": 3,
        "question": 7,
        "answer": "yetti"
    }
},
{
    "model": "agency_api.securityquestionanswer",
    "pk": 9,
    "fields": {
        "user": 3,
        "question": 15,
        "answer": "coffee"
    }
},
{
    "model": "agency_api.securityquestionanswer",
    "pk": 10,
    "fields": {
        "user": 4,
        "question": 2,
        "answer": "blue"
    }
},
{
    "model": "agency_api.securityquestionanswer",
    "pk": 11,
    "fields": {
        "user": 4,
        "question": 7,
        "answer": "yetti"
    }
},
{
    "model": "agency_api.securityquestionanswer",
    "pk": 12,
    "fields": {
        "user": 4,
        "question": 15,
        "answer": "coffee"
    }
},
{
    "model": "agency_api.securityquestionanswer",
    "pk": 13,
    "fields": {
        "user": 5,
        "question": 2,
        "answer": "blue"
    }
},
{
    "model": "agency_api.securityquestionanswer",
    "pk": 14,
    "fields": {
        "user": 5,
        "question": 7,
        "answer": "yetti"
    }
},
{
    "model": "agency_api.securityquestionanswer",
    "pk": 15,
    "fields": {
        "user": 5,
        "question": 15,
        "answer": "coffee"
    }
},
{
    "model": "agency_api.securityquestionanswer",
    "pk": 16,
    "fields": {
        "user": 6,
        "question": 2,
        "answer": "blue"
    }
},
{
    "model": "agency_api.securityquestionanswer",
    "pk": 17,
    "fields": {
        "user": 6,
        "question": 7,
        "answer": "yetti"
    }
},
{
    "model": "agency_api.securityquestionanswer",
    "pk": 18,
    "fields": {
        "user": 6,
        "question": 15,
        "answer": "coffee"
    }
},
{
    "model": "agency_api.securityquestionanswer",
    "pk": 19,
    "fields": {
        "user": 7,
        "question": 2,
        "answer": "blue"
    }
},
{
    "model": "agency_api.securityquestionanswer",
    "pk": 20,
    "fields": {
        "user": 7,
        "question": 7,
        "answer": "yetti"
    }
},
{
    "model": "agency_api.securityquestionanswer",
    "pk": 21,
    "fields": {
        "user": 7,
        "question": 15,
        "answer": "coffee"
    }
},
{
    "model": "agency_api.securityquestionanswer",
    "pk": 22,
    "fields": {
        "user": 8,
        "question": 2,
        "answer": "blue"
    }
},
{
    "model": "agency_api.securityquestionanswer",
    "pk": 23,
    "fields": {
        "user": 8,
        "question": 7,
        "answer": "yetti"
    }
},
{
    "model": "agency_api.securityquestionanswer",
    "pk": 24,
    "fields": {
        "user": 8,
        "question": 15,
        "answer": "coffee"
    }
},
{
    "model": "agency_api.securityquestionanswer",
    "pk": 25,
    "fields": {
        "user": 9,
        "question": 2,
        "answer": "blue"
    }
},
{
    "model": "agency_api.securityquestionanswer",
    "pk": 26,
    "fields": {
        "user": 9,
        "question": 7,
        "answer": "yetti"
    }
},
{
    "model": "agency_api.securityquestionanswer",
    "pk": 27,
    "fields": {
        "user": 9,
        "question": 15,
        "answer": "coffee"
    }
},
{
    "model": "agency_api.securityquestionanswer",
    "pk": 28,
    "fields": {
        "user": 10,
        "question": 2,
        "answer": "blue"
    }
},
{
    "model": "agency_api.securityquestionanswer",
    "pk": 29,
    "fields": {
        "user": 10,
        "question": 7,
        "answer": "yetti"
    }
},
{
    "model": "agency_api.securityquestionanswer",
    "pk": 30,
    "fields": {
        "user": 10,
        "question": 15,
        "answer": "coffee"
    }
},
{
    "model": "agency_api.securityquestionanswer",
    "pk": 31,
    "fields": {
        "user": 11,
        "question": 2,
        "answer": "blue"
    }
},
{
    "model": "agency_api.securityquestionanswer",
    "pk": 32,
    "fields": {
        "user": 11,
        "question": 7,
        "answer": "yetti"
    }
},
{
    "model": "agency_api.securityquestionanswer",
    "pk": 33,
    "fields": {
        "user": 11,
        "question": 15,
        "answer": "coffee"
    }
},
{
    "model": "agency_api.securityquestionanswer",
    "pk": 34,
    "fields": {
        "user": 12,
        "question": 2,
        "answer": "blue"
    }
},
{
    "model": "agency_api.securityquestionanswer",
    "pk": 35,
    "fields": {
        "user": 12,
        "question": 7,
        "answer": "yetti"
    }
},
{
    "model": "agency_api.securityquestionanswer",
    "pk": 36,
    "fields": {
        "user": 12,
        "question": 15,
        "answer": "coffee"
    }
},
{
    "model": "agency_api.securityquestionanswer",
    "pk": 37,
    "fields": {
        "user": 13,
        "question": 2,
        "answer": "blue"
    }
},
{
    "model": "agency_api.securityquestionanswer",
    "pk": 38,
    "fields": {
        "user": 13,
        "question": 7,
        "answer": "yetti"
    }
},
{
    "model": "agency_api.securityquestionanswer",
    "pk": 39,
    "fields": {
        "user": 13,
        "question": 15,
        "answer": "coffee"
    }
},
{
    "model": "agency_api.securityquestionanswer",
    "pk": 40,
    "fields": {
        "user": 14,
        "question": 2,
        "answer": "blue"
    }
},
{
    "model": "agency_api.securityquestionanswer",
    "pk": 41,
    "fields": {
        "user": 14,
        "question": 7,
        "answer": "yetti"
    }
},
{
    "model": "agency_api.securityquestionanswer",
    "pk": 42,
    "fields": {
        "user": 14,
        "question": 15,
        "answer": "coffee"
    }
},
{
    "model": "agency_api.securityquestionanswer",
    "pk": 43,
    "fields": {
        "user": 15,
        "question": 2,
        "answer": "blue"
    }
},
{
    "model": "agency_api.securityquestionanswer",
    "pk": 44,
    "fields": {
        "user": 15,
        "question": 7,
        "answer": "yetti"
    }
},
{
    "model": "agency_api.securityquestionanswer",
    "pk": 45,
    "fields": {
        "user": 15,
        "question": 15,
        "answer": "coffee"
    }
},
{
    "model": "agency_api.securityquestionanswer",
    "pk": 46,
    "fields": {
        "user": 16,
        "question": 2,
        "answer": "blue"
    }
},
{
    "model": "agency_api.securityquestionanswer",
    "pk": 47,
    "fields": {
        "user": 16,
        "question": 7,
        "answer": "yetti"
    }
},
{
    "model": "agency_api.securityquestionanswer",
    "pk": 48,
    "fields": {
        "user": 16,
        "question": 15,
        "answer": "coffee"
    }
},
{
    "model": "agency_api.securityquestionanswer",
    "pk": 49,
    "fields": {
        "user": 17,
        "question": 2,
        "answer": "blue"
    }
},
{
    "model": "agency_api.securityquestionanswer",
    "pk": 50,
    "fields": {
        "user": 17,
        "question": 7,
        "answer": "yetti"
    }
},
{
    "model": "agency_api.securityquestionanswer",
    "pk": 51,
    "fields": {
        "user": 17,
        "question": 15,
        "answer": "coffee"
    }
},
{
    "model": "agency_api.securityquestionanswer",
    "pk": 52,
    "fields": {
        "user": 18,
        "question": 2,
        "answer": "blue"
    }
},
{
    "model": "agency_api.securityquestionanswer",
    "pk": 53,
    "fields": {
        "user": 18,
        "question": 7,
        "answer": "yetti"
    }
},
{
    "model": "agency_api.securityquestionanswer",
    "pk": 54,
    "fields": {
        "user": 18,
        "question": 15,
        "answer": "coffee"
    }
},
{
    "model": "agency_api.securityquestionanswer",
    "pk": 55,
    "fields": {
        "user": 19,
        "question": 2,
        "answer": "blue"
    }
},
{
    "model": "agency_api.securityquestionanswer",
    "pk": 56,
    "fields": {
        "user": 19,
        "question": 7,
        "answer": "yetti"
    }
},
{
    "model": "agency_api.securityquestionanswer",
    "pk": 57,
    "fields": {
        "user": 19,
        "question": 15,
        "answer": "coffee"
    }
},
{
    "model": "agency_api.securityquestionanswer",
    "pk": 58,
    "fields": {
        "user": 20,
        "question": 2,
        "answer": "blue"
    }
},
{
    "model": "agency_api.securityquestionanswer",
    "pk": 59,
    "fields": {
        "user": 20,
        "question": 7,
        "answer": "yetti"
    }
},
{
    "model": "agency_api.securityquestionanswer",
    "pk": 60,
    "fields": {
        "user": 20,
        "question": 15,
        "answer": "coffee"
    }
},
{
    "model": "agency_api.securityquestionanswer",
    "pk": 61,
    "fields": {
        "user": 21,
        "question": 2,
        "answer": "blue"
    }
},
{
    "model": "agency_api.securityquestionanswer",
    "pk": 62,
    "fields": {
        "user": 21,
        "question": 7,
        "answer": "yetti"
    }
},
{
    "model": "agency_api.securityquestionanswer",
    "pk": 63,
    "fields": {
        "user": 21,
        "question": 15,
        "answer": "coffee"
    }
},
{
    "model": "agency_api.securityquestionanswer",
    "pk": 64,
    "fields": {
        "user": 22,
        "question": 2,
        "answer": "blue"
    }
},
{
    "model": "agency_api.securityquestionanswer",
    "pk": 65,
    "fields": {
        "user": 22,
        "question": 7,
        "answer": "yetti"
    }
},
{
    "model": "agency_api.securityquestionanswer",
    "pk": 66,
    "fields": {
        "user": 22,
        "question": 15,
        "answer": "coffee"
    }
},
{
    "model": "agency_api.securityquestionanswer",
    "pk": 67,
    "fields": {
        "user": 23,
        "question": 2,
        "answer": "blue"
    }
},
{
    "model": "agency_api.securityquestionanswer",
    "pk": 68,
    "fields": {
        "user": 23,
        "question": 7,
        "answer": "yetti"
    }
},
{
    "model": "agency_api.securityquestionanswer",
    "pk": 69,
    "fields": {
        "user": 23,
        "question": 15,
        "answer": "coffee"
    }
},
{
    "model": "agency_api.securityquestionanswer",
    "pk": 70,
    "fields": {
        "user": 24,
        "question": 2,
        "answer": "blue"
    }
},
{
    "model": "agency_api.securityquestionanswer",
    "pk": 71,
    "fields": {
        "user": 24,
        "question": 7,
        "answer": "yetti"
    }
},
{
    "model": "agency_api.securityquestionanswer",
    "pk": 72,
    "fields": {
        "user": 24,
        "question": 15,
        "answer": "coffee"
    }
},
{
    "model": "agency_api.securityquestionanswer",
    "pk": 73,
    "fields": {
        "user": 25,
        "question": 2,
        "answer": "blue"
    }
},
{
    "model": "agency_api.securityquestionanswer",
    "pk": 74,
    "fields": {
        "user": 25,
        "question": 7,
        "answer": "yetti"
    }
},
{
    "model": "agency_api.securityquestionanswer",
    "pk": 75,
    "fields": {
        "user": 25,
        "question": 15,
        "answer": "coffee"
    }
},
{
    "model": "agency_api.securityquestionanswer",
    "pk": 76,
    "fields": {
        "user": 26,
        "question": 2,
        "answer": "blue"
    }
},
{
    "model": "agency_api.securityquestionanswer",
    "pk": 77,
    "fields": {
        "user": 26,
        "question": 7,
        "answer": "yetti"
    }
},
{
    "model": "agency_api.securityquestionanswer",
    "pk": 78,
    "fields": {
        "user": 26,
        "question": 15,
        "answer": "coffee"
    }
},
{
    "model": "agency_api.securityquestionanswer",
    "pk": 79,
    "fields": {
        "user": 27,
        "question": 2,
        "answer": "blue"
    }
},
{
    "model": "agency_api.securityquestionanswer",
    "pk": 80,
    "fields": {
        "user": 27,
        "question": 7,
        "answer": "yetti"
    }
},
{
    "model": "agency_api.securityquestionanswer",
    "pk": 81,
    "fields": {
        "user": 27,
        "question": 15,
        "answer": "coffee"
    }
},
{
    "model": "agency_api.securityquestionanswer",
    "pk": 82,
    "fields": {
        "user": 28,
        "question": 2,
        "answer": "blue"
    }
},
{
    "model": "agency_api.securityquestionanswer",
    "pk": 83,
    "fields": {
        "user": 28,
        "question": 7,
        "answer": "yetti"
    }
},
{
    "model": "agency_api.securityquestionanswer",
    "pk": 84,
    "fields": {
        "user": 28,
        "question": 15,
        "answer": "coffee"
    }
},
{
    "model": "agency_api.securityquestionanswer",
    "pk": 85,
    "fields": {
        "user": 29,
        "question": 2,
        "answer": "blue"
    }
},
{
    "model": "agency_api.securityquestionanswer",
    "pk": 86,
    "fields": {
        "user": 29,
        "question": 7,
        "answer": "yetti"
    }
},
{
    "model": "agency_api.securityquestionanswer",
    "pk": 87,
    "fields": {
        "user": 29,
        "question": 15,
        "answer": "coffee"
    }
},
{
    "model": "agency_api.caretaker",
    "pk": 1,
    "fields": {
        "user": 25,
        "address": "167 Japanese Garden Rd., Newark, NJ 07101",
        "phone_number": 8620705643,
        "email": "hutnik.markus@uwlax.edu"
    }
},
{
    "model": "agency_api.caretaker",
    "pk": 2,
    "fields": {
        "user": 26,
        "address": "45 Moore's Rd., Trenton, NJ 08608",
        "phone_number": 6091899002,
        "email": "hutnik.markus@uwlax.edu"
    }
},
{
    "model": "agency_api.caretaker",
    "pk": 3,
    "fields": {
        "user": 27,
        "address": "780 Lakeshore Blvd., Princeton, NJ 08540",
        "phone_number": 6095273844,
        "email": "hutnik.markus@uwlax.edu"
    }
},
{
    "model": "agency_api.caretaker",
    "pk": 4,
    "fields": {
        "user": 28,
        "address": "5544 Downing St., Paterson, NJ 07501",
        "phone_number": 5517649990,
        "email": "hutnik.markus@uwlax.edu"
    }
},
{
    "model": "agency_api.caretaker",
    "pk": 5,
    "fields": {
        "user": 29,
        "address": "70 Mountain View St., Hoboken, NJ 07030",
        "phone_number": 5517531234,
        "email": "hutnik.markus@uwlax.edu"
    }
},
{
    "model": "agency_api.staffmember",
    "pk": 1,
    "fields": {
        "user": 2,
        "address": "13975 Branford Street, Newark, NJ 07103",
        "phone_number": 7326190982,
        "email": "hutnik.markus@uwlax.edu"
    }
},
{
    "model": "agency_api.staffmember",
    "pk": 2,
    "fields": {
        "user": 3,
        "address": "1890 Claremont Avenue, Bloomfield, NJ 07003",
        "phone_number": 9736545785,
        "email": "hutnik.markus@uwlax.edu"
    }
},
{
    "model": "agency_api.staffmember",
    "pk": 3,
    "fields": {
        "user": 4,
        "address": "231 Elmwood Road, Verona, NJ 07004",
        "phone_number": 2016920793,
        "email": "hutnik.markus@uwlax.edu"
    }
},
{
    "model": "agency_api.staffmember",
    "pk": 4,
    "fields": {
        "user": 5,
        "address": "N1884 Clifton Avenue, Rego Park, NJ 07657",
        "phone_number": 2016204957,
        "email": "hutnik.markus@uwlax.edu"
    }
},
{
    "model": "agency_api.staffmember",
    "pk": 5,
    "fields": {
        "user": 6,
        "address": "718 Academy Road, Caldwell, NJ 07006",
        "phone_number": 2016393784,
        "email": "hutnik.markus@uwlax.edu"
    }
},
{
    "model": "agency_api.staffmember",
    "pk": 6,
    "fields": {
        "user": 7,
        "address": "90 Peterson Street, River Edge, NJ 07661",
        "phone_number": 2016220909,
        "email": "hutnik.markus@uwlax.edu"
    }
},
{
    "model": "agency_api.staffmember",
    "pk": 7,
    "fields": {
        "user": 8,
        "address": "457 Waukeesan Street, Wayne, NJ 07470",
        "phone_number": 8626448118,
        "email": "hutnik.markus@uwlax.edu"
    }
},
{
    "model": "agency_api.staffmember",
    "pk": 8,
    "fields": {
        "user": 9,
        "address": "8 Henning Drive, Fairfield, NJ 07004",
        "phone_number": 9736278003,
        "email": "hutnik.markus@uwlax.edu"
    }
},
{
    "model": "agency_api.healthcareprofessional",
    "pk": 1,
    "fields": {
        "user": 10,
        "gender": "Female",
        "date_of_birth": "1985-02-12",
        "ssn": 547488944,
        "service_type": 1,
        "education_type": 1,
        "education_institution": "Duke university",
        "graduation_year": 2006,
        "graduation_month": 5,
        "years_of_experience": 15,
        "address": "2368 Union St., South Orange, NJ 07079",
        "phone_number": 9736474684,
        "email": "hutnik.markus@uwlax.edu",
        "hourly_rate": "40.00"
    }
},
{
    "model": "agency_api.healthcareprofessional",
    "pk": 2,
    "fields": {
        "user": 11,
        "gender": "Female",
        "date_of_birth": "1988-10-01",
        "ssn": 524574651,
        "service_type": 1,
        "education_type": 1,
        "education_institution": "New York University",
        "graduation_year": 2010,
        "graduation_month": 12,
        "years_of_experience": 9,
        "address": "256 Royal King St., Verona, NJ 07004",
        "phone_number": 2015473774,
        "email": "hutnik.markus@uwlax.edu",
        "hourly_rate": "40.00"
    }
},
{
    "model": "agency_api.healthcareprofessional",
    "pk": 3,
    "fields": {
        "user": 12,
        "gender": "Male",
        "date_of_birth": "1987-05-28",
        "ssn": 645468583,
        "service_type": 2,
        "education_type": 2,
        "education_institution": "University of Wisconsin-Madison",
        "graduation_year": 2010,
        "graduation_month": 5,
        "years_of_experience": 9,
        "address": "14 Nassau St., Princeton, NJ 07002",
        "phone_number": 9086110062,
        "email": "hutnik.markus@uwlax.edu",
        "hourly_rate": "60.00"
    }
},
{
    "model": "agency_api.healthcareprofessional",
    "pk": 4,
    "fields": {
        "user": 13,
        "gender": "Female",
        "date_of_birth": "1990-01-26",
        "ssn": 538467222,
        "service_type": 2,
        "education_type": 1,
        "education_institution": "University of Pennsylvania",
        "graduation_year": 2011,
        "graduation_month": 5,
        "years_of_experience": 8,
        "address": "6 Washington Ave., Verona, NJ 07004",
        "phone_number": 2019001173,
        "email": "hutnik.markus@uwlax.edu",
        "hourly_rate": "50.00"
    }
},
{
    "model": "agency_api.healthcareprofessional",
    "pk": 5,
    "fields": {
        "user": 14,
        "gender": "Female",
        "date_of_birth": "1987-08-15",
        "ssn": 644374825,
        "service_type": 1,
        "education_type": 2,
        "education_institution": "John Hopkins University",
        "graduation_year": 2013,
        "graduation_month": 5,
        "years_of_experience": 8,
        "address": "210 Main St., Chester, NJ 07064",
        "phone_number": 8927727765,
        "email": "hutnik.markus@uwlax.edu",
        "hourly_rate": "45.00"
    }
},
{
    "model": "agency_api.healthcareprofessional",
    "pk": 6,
    "fields": {
        "user": 15,
        "gender": "Male",
        "date_of_birth": "1987-08-02",
        "ssn": 527457489,
        "service_type": 1,
        "education_type": 2,
        "education_institution": "University of Wisconsin-Madison",
        "graduation_year": 2014,
        "graduation_month": 5,
        "years_of_experience": 5,
        "address": "88 Bloomfield Ave., Lambertville, NJ 07001",
        "phone_number": 2017354773,
        "email": "hutnik.markus@uwlax.edu",
        "hourly_rate": "45.00"
    }
},
{
    "model": "agency_api.healthcareprofessional",
    "pk": 7,
    "fields": {
        "user": 16,
        "gender": "Female",
        "date_of_birth": "1991-04-30",
        "ssn": 508377378,
        "service_type": 1,
        "education_type": 1,
        "education_institution": "Lawrence University",
        "graduation_year": 2015,
        "graduation_month": 5,
        "years_of_experience": 6,
        "address": "266 Waukeesan St., Wayne, NJ 07470",
        "phone_number": 8921452562,
        "email": "hutnik.markus@uwlax.edu",
        "hourly_rate": "40.00"
    }
},
{
    "model": "agency_api.healthcareprofessional",
    "pk": 8,
    "fields": {
        "user": 17,
        "gender": "Male",
        "date_of_birth": "1991-12-04",
        "ssn": 600737363,
        "service_type": 3,
        "education_type": 2,
        "education_institution": "University of Washington",
        "graduation_year": 2017,
        "graduation_month": 5,
        "years_of_experience": 3,
        "address": "82674 Clinton Ave., Newton, NJ 07003",
        "phone_number": 7328886373,
        "email": "hutnik.markus@uwlax.edu",
        "hourly_rate": "100.00"
    }
},
{
    "model": "agency_api.healthcareprofessional",
    "pk": 9,
    "fields": {
        "user": 18,
        "gender": "Male",
        "date_of_birth": "1992-03-14",
        "ssn": 726107474,
        "service_type": 2,
        "education_type": 2,
        "education_institution": "University of Maryland",
        "graduation_year": 2015,
        "graduation_month": 5,
        "years_of_experience": 6,
        "address": "46 James Madison Ave., Teaneck, NJ 07082",
        "phone_number": 9739273773,
        "email": "hutnik.markus@uwlax.edu",
        "hourly_rate": "60.00"
    }
},
{
    "model": "agency_api.healthcareprofessional",
    "pk": 10,
    "fields": {
        "user": 19,
        "gender": "Male",
        "date_of_birth": "1984-09-01",
        "ssn": 538836838,
        "service_type": 3,
        "education_type": 2,
        "education_institution": "Emory University",
        "graduation_year": 2010,
        "graduation_month": 5,
        "years_of_experience": 10,
        "address": "6451 Sprint Ave., Newton, NJ 07003",
        "phone_number": 7321029785,
        "email": "hutnik.markus@uwlax.edu",
        "hourly_rate": "125.00"
    }
},
{
    "model": "agency_api.healthcareprofessional",
    "pk": 11,
    "fields": {
        "user": 20,
        "gender": "Female",
        "date_of_birth": "1982-08-10",
        "ssn": 503647476,
        "service_type": 3,
        "education_type": 3,
        "education_institution": "John Hopkins University",
        "graduation_year": 2011,
        "graduation_month": 5,
        "years_of_experience": 9,
        "address": "760 Grove Road, South Orange, NJ 07079",
        "phone_number": 9735913588,
        "email": "hutnik.markus@uwlax.edu",
        "hourly_rate": "200.00"
    }
},
{
    "model": "agency_api.healthcareprofessional",
    "pk": 12,
    "fields": {
        "user": 21,
        "gender": "Male",
        "date_of_birth": "1980-02-27",
        "ssn": 611577933,
        "service_type": 3,
        "education_type": 3,
        "education_institution": "John Hopkins University",
        "graduation_year": 2010,
        "graduation_month": 5,
        "years_of_experience": 11,
        "address": "45 Market Place, Princeton, NJ 07002",
        "phone_number": 9083331919,
        "email": "hutnik.markus@uwlax.edu",
        "hourly_rate": "200.00"
    }
},
{
    "model": "agency_api.healthcareprofessional",
    "pk": 13,
    "fields": {
        "user": 22,
        "gender": "Male",
        "date_of_birth": "1990-03-19",
        "ssn": 682564748,
        "service_type": 1,
        "education_type": 1,
        "education_institution": "Duke university",
        "graduation_year": 2013,
        "graduation_month": 5,
        "years_of_experience": 8,
        "address": "888 Luke St., Hampton, NJ 07601",
        "phone_number": 9089018987,
        "email": "hutnik.markus@uwlax.edu",
        "hourly_rate": "40.00"
    }
},
{
    "model": "agency_api.healthcareprofessional",
    "pk": 14,
    "fields": {
        "user": 23,
        "gender": "Female",
        "date_of_birth": "1982-11-19",
        "ssn": 631564002,
        "service_type": 3,
        "education_type": 2,
        "education_institution": "University of Wisconsin-Madison",
        "graduation_year": 2007,
        "graduation_month": 12,
        "years_of_experience": 12,
        "address": "925 Academy Rd., Caldwell, NJ 07006",
        "phone_number": 2019176475,
        "email": "hutnik.markus@uwlax.edu",
        "hourly_rate": "125.00"
    }
},
{
    "model": "agency_api.healthcareprofessional",
    "pk": 15,
    "fields": {
        "user": 24,
        "gender": "Female",
        "date_of_birth": "1987-07-08",
        "ssn": 501201839,
        "service_type": 2,
        "education_type": 2,
        "education_institution": "University of Pittsburgh",
        "graduation_year": 2011,
        "graduation_month": 12,
        "years_of_experience": 8,
        "address": "234 Nassau St., Princeton, NJ 07002",
        "phone_number": 9081642453,
        "email": "hutnik.markus@uwlax.edu",
        "hourly_rate": "60.00"
    }
},
{
    "model": "agency_api.servicerequest",
    "pk": 1,
    "fields": {
        "care_taker": 1,
        "patient_first_name": "Mei",
        "patient_last_name": "Suzuki",
        "patient_gender": "Female",
        "patient_date_of_birth": "1945-07-21",
        "patient_phone_number": 8620705643,
        "patient_email": "hutnik.markus@uwlax.edu",
        "service_location": "167 Japanese Garden Rd., Newark, NJ 07101",
        "start_date": "2022-04-01",
        "flexible_hours": false,
        "service_start_time": "06:00:00",
        "service_end_time": "18:00:00",
        "hours_of_service_daily": null,
        "service_type": 1,
        "service_needed_sunday": true,
        "service_needed_monday": true,
        "service_needed_tuesday": true,
        "service_needed_wednesday": true,
        "service_needed_thursday": true,
        "service_needed_friday": true,
        "service_needed_saturday": true,
        "days_of_service": 120,
        "hp_gender_required": true,
        "hp_min_age": 30,
        "hp_max_age": null,
        "is_assigned": false,
        "is_completed": false
    }
},
{
    "model": "agency_api.servicerequest",
    "pk": 2,
    "fields": {
        "care_taker": 1,
        "patient_first_name": "Riku ",
        "patient_last_name": "Suzuki",
        "patient_gender": "Male",
        "patient_date_of_birth": "1942-01-29",
        "patient_phone_number": 8620705643,
        "patient_email": "hutnik.markus@uwlax.edu",
        "service_location": "167 Japanese Garden Rd., Newark, NJ 07101",
        "start_date": "2022-04-03",
        "flexible_hours": false,
        "service_start_time": "06:00:00",
        "service_end_time": "18:00:00",
        "hours_of_service_daily": null,
        "service_type": 1,
        "service_needed_sunday": true,
        "service_needed_monday": true,
        "service_needed_tuesday": true,
        "service_needed_wednesday": true,
        "service_needed_thursday": true,
        "service_needed_friday": true,
        "service_needed_saturday": true,
        "days_of_service": 120,
        "hp_gender_required": false,
        "hp_min_age": 30,
        "hp_max_age": null,
        "is_assigned": false,
        "is_completed": false
    }
},
{
    "model": "agency_api.servicerequest",
    "pk": 3,
    "fields": {
        "care_taker": 2,
        "patient_first_name": "Isabella",
        "patient_last_name": "Leonardo",
        "patient_gender": "Female",
        "patient_date_of_birth": "1956-05-19",
        "patient_phone_number": 6091899002,
        "patient_email": "hutnik.markus@uwlax.edu",
        "service_location": "45 Moore's Rd., Trenton, NJ 08608",
        "start_date": "2022-04-06",
        "flexible_hours": false,
        "service_start_time": "06:00:00",
        "service_end_time": "12:00:00",
        "hours_of_service_daily": null,
        "service_type": 1,
        "service_needed_sunday": false,
        "service_needed_monday": true,
        "service_needed_tuesday": false,
        "service_needed_wednesday": true,
        "service_needed_thursday": false,
        "service_needed_friday": true,
        "service_needed_saturday": false,
        "days_of_service": 65,
        "hp_gender_required": true,
        "hp_min_age": null,
        "hp_max_age": null,
        "is_assigned": false,
        "is_completed": false
    }
},
{
    "model": "agency_api.servicerequest",
    "pk": 4,
    "fields": {
        "care_taker": 2,
        "patient_first_name": "Gabriele",
        "patient_last_name": "Leonardo",
        "patient_gender": "Male",
        "patient_date_of_birth": "1945-10-27",
        "patient_phone_number": 6091899002,
        "patient_email": "hutnik.markus@uwlax.edu",
        "service_location": "45 Moore's Rd., Trenton, NJ 08608",
        "start_date": "2022-04-06",
        "flexible_hours": false,
        "service_start_time": "06:00:00",
        "service_end_time": "12:00:00",
        "hours_of_service_daily": null,
        "service_type": 1,
        "service_needed_sunday": false,
        "service_needed_monday": true,
        "service_needed_tuesday": false,
        "service_needed_wednesday": true,
        "service_needed_thursday": false,
        "service_needed_friday": true,
        "service_needed_saturday": false,
        "days_of_service": 65,
        "hp_gender_required": false,
        "hp_min_age": null,
        "hp_max_age": null,
        "is_assigned": false,
        "is_completed": false
    }
},
{
    "model": "agency_api.servicerequest",
    "pk": 5,
    "fields": {
        "care_taker": 2,
        "patient_first_name": "Riccardo",
        "patient_last_name": "Lorenzo",
        "patient_gender": "Male",
        "patient_date_of_birth": "1989-08-16",
        "patient_phone_number": 6095276333,
        "patient_email": "hutnik.markus@uwlax.edu",
        "service_location": "781 Morre's Rd., Trenton, NJ 08608",
        "start_date": "2022-04-06",
        "flexible_hours": false,
        "service_start_time": "10:00:00",
        "service_end_time": "11:00:00",
        "hours_of_service_daily": null,
        "service_type": 2,
        "service_needed_sunday": true,
        "service_needed_monday": false,
        "service_needed_tuesday": true,
        "service_needed_wednesday": false,
        "service_needed_thursday": true,
        "service_needed_friday": false,
        "service_needed_saturday": false,
        "days_of_service": 90,
        "hp_gender_required": false,
        "hp_min_age": null,
        "hp_max_age": null,
        "is_assigned": false,
        "is_completed": false
    }
},
{
    "model": "agency_api.servicerequest",
    "pk": 6,
    "fields": {
        "care_taker": 2,
        "patient_first_name": "Angela",
        "patient_last_name": "Leonardo",
        "patient_gender": "Female",
        "patient_date_of_birth": "1980-11-02",
        "patient_phone_number": 6091899002,
        "patient_email": "hutnik.markus@uwlax.edu",
        "service_location": "45 Moore's Rd., Trenton, NJ 08608",
        "start_date": "2022-04-06",
        "flexible_hours": false,
        "service_start_time": "12:00:00",
        "service_end_time": "13:00:00",
        "hours_of_service_daily": null,
        "service_type": 3,
        "service_needed_sunday": false,
        "service_needed_monday": false,
        "service_needed_tuesday": false,
        "service_needed_wednesday": true,
        "service_needed_thursday": false,
        "service_needed_friday": false,
        "service_needed_saturday": false,
        "days_of_service": 100,
        "hp_gender_required": true,
        "hp_min_age": null,
        "hp_max_age": null,
        "is_assigned": false,
        "is_completed": false
    }
},
{
    "model": "agency_api.servicerequest",
    "pk": 7,
    "fields": {
        "care_taker": 3,
        "patient_first_name": "Kanti",
        "patient_last_name": "Mahajan",
        "patient_gender": "Male",
        "patient_date_of_birth": "1943-12-10",
        "patient_phone_number": 6092113111,
        "patient_email": "hutnik.markus@uwlax.edu",
        "service_location": "10 LakeFront St., Princeton, NJ 08540",
        "start_date": "2022-04-05",
        "flexible_hours": false,
        "service_start_time": "15:30:00",
        "service_end_time": "16:00:00",
        "hours_of_service_daily": null,
        "service_type": 2,
        "service_needed_sunday": false,
        "service_needed_monday": false,
        "service_needed_tuesday": true,
        "service_needed_wednesday": false,
        "service_needed_thursday": true,
        "service_needed_friday": false,
        "service_needed_saturday": false,
        "days_of_service": 90,
        "hp_gender_required": false,
        "hp_min_age": null,
        "hp_max_age": null,
        "is_assigned": false,
        "is_completed": false
    }
},
{
    "model": "agency_api.servicerequest",
    "pk": 8,
    "fields": {
        "care_taker": 3,
        "patient_first_name": "Anega",
        "patient_last_name": "Mahajan",
        "patient_gender": "Female",
        "patient_date_of_birth": "2003-06-14",
        "patient_phone_number": 6092113111,
        "patient_email": "hutnik.markus@uwlax.edu",
        "service_location": "10 LakeFront St., Princeton, NJ 08540",
        "start_date": "2022-04-05",
        "flexible_hours": false,
        "service_start_time": "16:00:00",
        "service_end_time": "17:00:00",
        "hours_of_service_daily": null,
        "service_type": 2,
        "service_needed_sunday": false,
        "service_needed_monday": false,
        "service_needed_tuesday": true,
        "service_needed_wednesday": false,
        "service_needed_thursday": true,
        "service_needed_friday": false,
        "service_needed_saturday": false,
        "days_of_service": 90,
        "hp_gender_required": true,
        "hp_min_age": null,
        "hp_max_age": null,
        "is_assigned": false,
        "is_completed": false
    }
},
{
    "model": "agency_api.servicerequest",
    "pk": 9,
    "fields": {
        "care_taker": 3,
        "patient_first_name": "Arjun",
        "patient_last_name": "Mahajan",
        "patient_gender": "Male",
        "patient_date_of_birth": "1978-04-20",
        "patient_phone_number": 6094522774,
        "patient_email": "hutnik.markus@uwlax.edu",
        "service_location": "780 Lakeshore Blvd., Princeton, NJ 08540",
        "start_date": "2022-04-05",
        "flexible_hours": false,
        "service_start_time": "10:00:00",
        "service_end_time": "11:00:00",
        "hours_of_service_daily": null,
        "service_type": 3,
        "service_needed_sunday": false,
        "service_needed_monday": true,
        "service_needed_tuesday": false,
        "service_needed_wednesday": false,
        "service_needed_thursday": false,
        "service_needed_friday": true,
        "service_needed_saturday": false,
        "days_of_service": 120,
        "hp_gender_required": true,
        "hp_min_age": null,
        "hp_max_age": null,
        "is_assigned": false,
        "is_completed": false
    }
},
{
    "model": "agency_api.servicerequest",
    "pk": 10,
    "fields": {
        "care_taker": 4,
        "patient_first_name": "Lynn",
        "patient_last_name": "Wauker",
        "patient_gender": "Female",
        "patient_date_of_birth": "1956-02-01",
        "patient_phone_number": 5517649990,
        "patient_email": "hutnik.markus@uwlax.edu",
        "service_location": "5544 Downing St., Paterson, NJ 07501",
        "start_date": "2022-04-08",
        "flexible_hours": true,
        "service_start_time": null,
        "service_end_time": null,
        "hours_of_service_daily": 5,
        "service_type": 1,
        "service_needed_sunday": false,
        "service_needed_monday": true,
        "service_needed_tuesday": false,
        "service_needed_wednesday": true,
        "service_needed_thursday": false,
        "service_needed_friday": true,
        "service_needed_saturday": false,
        "days_of_service": 180,
        "hp_gender_required": false,
        "hp_min_age": null,
        "hp_max_age": null,
        "is_assigned": false,
        "is_completed": false
    }
},
{
    "model": "agency_api.servicerequest",
    "pk": 11,
    "fields": {
        "care_taker": 5,
        "patient_first_name": "Hu",
        "patient_last_name": "Zhang",
        "patient_gender": "Male",
        "patient_date_of_birth": "1948-08-15",
        "patient_phone_number": 5517771414,
        "patient_email": "hutnik.markus@uwlax.edu",
        "service_location": "70 Mountain View St., Hoboken, NJ 07030",
        "start_date": "2022-04-09",
        "flexible_hours": true,
        "service_start_time": null,
        "service_end_time": null,
        "hours_of_service_daily": 5,
        "service_type": 1,
        "service_needed_sunday": true,
        "service_needed_monday": false,
        "service_needed_tuesday": false,
        "service_needed_wednesday": false,
        "service_needed_thursday": false,
        "service_needed_friday": false,
        "service_needed_saturday": false,
        "days_of_service": 90,
        "hp_gender_required": false,
        "hp_min_age": null,
        "hp_max_age": null,
        "is_assigned": false,
        "is_completed": false
    }
},
{
    "model": "agency_api.jobposting",
    "pk": 1,
    "fields": {
        "service_type": 1,
        "education_type": 1,
        "years_experience_required": 0,
        "description": "This job is to take care of day-to-day simple tasks such as monitoring patient's health periodically"
    }
},
{
    "model": "agency_api.jobposting",
    "pk": 2,
    "fields": {
        "service_type": 1,
        "education_type": 2,
        "years_experience_required": 5,
        "description": "Will require to be closely monitoring the patient at all times and performing daily routines"
    }
},
{
    "model": "agency_api.jobposting",
    "pk": 3,
    "fields": {
        "service_type": 3,
        "education_type": 3,
        "years_experience_required": 5,
        "description": "Expected to attend very old patients and to report the patient status very frequently"
    }
},
{
    "model": "agency_api.jobposting",
    "pk": 4,
    "fields": {
        "service_type": 2,
        "education_type": 1,
        "years_experience_required": 0,
        "description": "Intermittent job postings at different locations within the city"
    }
},
{
    "model": "agency_api.jobposting",
    "pk": 5,
    "fields": {
        "service_type": 2,
        "education_type": 2,
        "years_experience_required": 3,
        "description": "Required to attend the patient on a regular basis, possibly for 6 to 12 months"
    }
},
{
    "model": "agency_api.serviceassignment",
    "pk": 1,
    "fields": {
        "healthcare_professional": 5,
        "service_request": 1
    }
},
{
    "model": "agency_api.serviceassignment",
    "pk": 2,
    "fields": {
        "healthcare_professional": 6,
        "service_request": 2
    }
},
{
    "model": "agency_api.serviceassignment",
    "pk": 3,
    "fields": {
        "healthcare_professional": 1,
        "service_request": 3
    }
},
{
    "model": "agency_api.serviceassignment",
    "pk": 4,
    "fields": {
        "healthcare_professional": 1,
        "service_request": 10
    }
},
{
    "model": "agency_api.serviceassignment",
    "pk": 5,
    "fields": {
        "healthcare_professional": 4,
        "service_request": 5
    }
},
{
    "model": "agency_api.serviceassignment",
    "pk": 6,
    "fields": {
        "healthcare_professional": 15,
        "service_request": 8
    }
},
{
    "model": "agency_api.serviceassignment",
    "pk": 7,
    "fields": {
        "healthcare_professional": 12,
        "service_request": 9
    }
},
{
    "model": "agency_api.billingaccount",
    "pk": 1,
    "fields": {
        "service_request": 1,
        "amt_paid": "0.00"
    }
},
{
    "model": "agency_api.billingaccount",
    "pk": 2,
    "fields": {
        "service_request": 2,
        "amt_paid": "0.00"
    }
},
{
    "model": "agency_api.billingaccount",
    "pk": 3,
    "fields": {
        "service_request": 3,
        "amt_paid": "0.00"
    }
},
{
    "model": "agency_api.billingaccount",
    "pk": 4,
    "fields": {
        "service_request": 4,
        "amt_paid": "0.00"
    }
},
{
    "model": "agency_api.billingaccount",
    "pk": 5,
    "fields": {
        "service_request": 5,
        "amt_paid": "0.00"
    }
},
{
    "model": "agency_api.billingaccount",
    "pk": 6,
    "fields": {
        "service_request": 6,
        "amt_paid": "0.00"
    }
},
{
    "model": "agency_api.billingaccount",
    "pk": 7,
    "fields": {
        "service_request": 7,
        "amt_paid": "0.00"
    }
},
{
    "model": "agency_api.billingaccount",
    "pk": 8,
    "fields": {
        "service_request": 8,
        "amt_paid": "0.00"
    }
},
{
    "model": "agency_api.billingaccount",
    "pk": 9,
    "fields": {
        "service_request": 9,
        "amt_paid": "0.00"
    }
},
{
    "model": "agency_api.billingaccount",
    "pk": 10,
    "fields": {
        "service_request": 10,
        "amt_paid": "0.00"
    }
},
{
    "model": "agency_api.billingaccount",
    "pk": 11,
    "fields": {
        "service_request": 11,
        "amt_paid": "0.00"
    }
},
{
    "model": "agency_api.serviceentry",
    "pk": 1,
    "fields": {
        "billing_account": 1,
        "healthcare_professional": 5,
        "date_of_service": "2022-04-10",
        "start_time": "06:00:00",
        "end_time": "18:00:00"
    }
},
{
    "model": "agency_api.serviceentry",
    "pk": 2,
    "fields": {
        "billing_account": 1,
        "healthcare_professional": 5,
        "date_of_service": "2022-04-11",
        "start_time": "06:00:00",
        "end_time": "18:00:00"
    }
},
{
    "model": "agency_api.serviceentry",
    "pk": 3,
    "fields": {
        "billing_account": 1,
        "healthcare_professional": 5,
        "date_of_service": "2022-04-13",
        "start_time": "06:00:00",
        "end_time": "18:00:00"
    }
},
{
    "model": "agency_api.serviceentry",
    "pk": 4,
    "fields": {
        "billing_account": 1,
        "healthcare_professional": 5,
        "date_of_service": "2022-04-14",
        "start_time": "06:00:00",
        "end_time": "18:00:00"
    }
},
{
    "model": "agency_api.serviceentry",
    "pk": 5,
    "fields": {
        "billing_account": 1,
        "healthcare_professional": 5,
        "date_of_service": "2022-04-15",
        "start_time": "06:00:00",
        "end_time": "18:00:00"
    }
},
{
    "model": "agency_api.serviceentry",
    "pk": 6,
    "fields": {
        "billing_account": 1,
        "healthcare_professional": 5,
        "date_of_service": "2022-04-16",
        "start_time": "06:00:00",
        "end_time": "17:30:00"
    }
},
{
    "model": "agency_api.serviceentry",
    "pk": 7,
    "fields": {
        "billing_account": 1,
        "healthcare_professional": 5,
        "date_of_service": "2022-04-17",
        "start_time": "06:00:00",
        "end_time": "18:00:00"
    }
},
{
    "model": "agency_api.serviceentry",
    "pk": 8,
    "fields": {
        "billing_account": 1,
        "healthcare_professional": 5,
        "date_of_service": "2022-04-18",
        "start_time": "06:00:00",
        "end_time": "17:30:00"
    }
},
{
    "model": "agency_api.serviceentry",
    "pk": 9,
    "fields": {
        "billing_account": 1,
        "healthcare_professional": 5,
        "date_of_service": "2022-04-20",
        "start_time": "06:00:00",
        "end_time": "18:00:00"
    }
},
{
    "model": "agency_api.serviceentry",
    "pk": 10,
    "fields": {
        "billing_account": 1,
        "healthcare_professional": 5,
        "date_of_service": "2022-04-21",
        "start_time": "06:00:00",
        "end_time": "18:00:00"
    }
},
{
    "model": "agency_api.serviceentry",
    "pk": 11,
    "fields": {
        "billing_account": 1,
        "healthcare_professional": 5,
        "date_of_service": "2022-04-22",
        "start_time": "06:00:00",
        "end_time": "18:00:00"
    }
},
{
    "model": "agency_api.serviceentry",
    "pk": 12,
    "fields": {
        "billing_account": 1,
        "healthcare_professional": 5,
        "date_of_service": "2022-04-23",
        "start_time": "06:00:00",
        "end_time": "18:00:00"
    }
},
{
    "model": "agency_api.serviceentry",
    "pk": 13,
    "fields": {
        "billing_account": 1,
        "healthcare_professional": 5,
        "date_of_service": "2022-04-24",
        "start_time": "06:00:00",
        "end_time": "18:00:00"
    }
},
{
    "model": "agency_api.serviceentry",
    "pk": 14,
    "fields": {
        "billing_account": 2,
        "healthcare_professional": 6,
        "date_of_service": "2022-04-10",
        "start_time": "06:00:00",
        "end_time": "18:00:00"
    }
},
{
    "model": "agency_api.serviceentry",
    "pk": 15,
    "fields": {
        "billing_account": 2,
        "healthcare_professional": 6,
        "date_of_service": "2022-04-11",
        "start_time": "06:00:00",
        "end_time": "18:00:00"
    }
},
{
    "model": "agency_api.serviceentry",
    "pk": 16,
    "fields": {
        "billing_account": 2,
        "healthcare_professional": 6,
        "date_of_service": "2022-04-13",
        "start_time": "06:00:00",
        "end_time": "18:30:00"
    }
},
{
    "model": "agency_api.serviceentry",
    "pk": 17,
    "fields": {
        "billing_account": 2,
        "healthcare_professional": 6,
        "date_of_service": "2022-04-14",
        "start_time": "06:00:00",
        "end_time": "18:00:00"
    }
},
{
    "model": "agency_api.serviceentry",
    "pk": 18,
    "fields": {
        "billing_account": 2,
        "healthcare_professional": 6,
        "date_of_service": "2022-04-15",
        "start_time": "06:00:00",
        "end_time": "18:00:00"
    }
},
{
    "model": "agency_api.serviceentry",
    "pk": 19,
    "fields": {
        "billing_account": 2,
        "healthcare_professional": 6,
        "date_of_service": "2022-04-16",
        "start_time": "06:00:00",
        "end_time": "17:30:00"
    }
},
{
    "model": "agency_api.serviceentry",
    "pk": 20,
    "fields": {
        "billing_account": 2,
        "healthcare_professional": 6,
        "date_of_service": "2022-04-17",
        "start_time": "06:00:00",
        "end_time": "18:00:00"
    }
},
{
    "model": "agency_api.serviceentry",
    "pk": 21,
    "fields": {
        "billing_account": 2,
        "healthcare_professional": 6,
        "date_of_service": "2022-04-18",
        "start_time": "06:00:00",
        "end_time": "18:00:00"
    }
},
{
    "model": "agency_api.serviceentry",
    "pk": 22,
    "fields": {
        "billing_account": 2,
        "healthcare_professional": 6,
        "date_of_service": "2022-04-19",
        "start_time": "06:00:00",
        "end_time": "18:00:00"
    }
},
{
    "model": "agency_api.serviceentry",
    "pk": 23,
    "fields": {
        "billing_account": 2,
        "healthcare_professional": 6,
        "date_of_service": "2022-04-20",
        "start_time": "07:00:00",
        "end_time": "17:30:00"
    }
},
{
    "model": "agency_api.serviceentry",
    "pk": 24,
    "fields": {
        "billing_account": 2,
        "healthcare_professional": 6,
        "date_of_service": "2022-04-21",
        "start_time": "06:00:00",
        "end_time": "18:00:00"
    }
},
{
    "model": "agency_api.serviceentry",
    "pk": 25,
    "fields": {
        "billing_account": 2,
        "healthcare_professional": 6,
        "date_of_service": "2022-04-22",
        "start_time": "06:00:00",
        "end_time": "18:00:00"
    }
},
{
    "model": "agency_api.serviceentry",
    "pk": 26,
    "fields": {
        "billing_account": 2,
        "healthcare_professional": 6,
        "date_of_service": "2022-04-24",
        "start_time": "06:00:00",
        "end_time": "18:00:00"
    }
},
{
    "model": "agency_api.serviceentry",
    "pk": 27,
    "fields": {
        "billing_account": 2,
        "healthcare_professional": 6,
        "date_of_service": "2022-04-24",
        "start_time": "07:00:00",
        "end_time": "18:00:00"
    }
},
{
    "model": "agency_api.serviceentry",
    "pk": 28,
    "fields": {
        "billing_account": 3,
        "healthcare_professional": 1,
        "date_of_service": "2022-04-11",
        "start_time": "06:00:00",
        "end_time": "12:00:00"
    }
},
{
    "model": "agency_api.serviceentry",
    "pk": 29,
    "fields": {
        "billing_account": 3,
        "healthcare_professional": 1,
        "date_of_service": "2022-04-13",
        "start_time": "06:00:00",
        "end_time": "12:00:00"
    }
},
{
    "model": "agency_api.serviceentry",
    "pk": 30,
    "fields": {
        "billing_account": 3,
        "healthcare_professional": 1,
        "date_of_service": "2022-04-15",
        "start_time": "06:00:00",
        "end_time": "12:00:00"
    }
},
{
    "model": "agency_api.serviceentry",
    "pk": 31,
    "fields": {
        "billing_account": 3,
        "healthcare_professional": 1,
        "date_of_service": "2022-04-18",
        "start_time": "07:00:00",
        "end_time": "11:30:00"
    }
},
{
    "model": "agency_api.serviceentry",
    "pk": 32,
    "fields": {
        "billing_account": 3,
        "healthcare_professional": 1,
        "date_of_service": "2022-04-22",
        "start_time": "06:00:00",
        "end_time": "11:30:00"
    }
},
{
    "model": "agency_api.serviceentry",
    "pk": 33,
    "fields": {
        "billing_account": 10,
        "healthcare_professional": 1,
        "date_of_service": "2022-04-11",
        "start_time": "13:00:00",
        "end_time": "16:00:00"
    }
},
{
    "model": "agency_api.serviceentry",
    "pk": 34,
    "fields": {
        "billing_account": 10,
        "healthcare_professional": 1,
        "date_of_service": "2022-04-13",
        "start_time": "13:30:00",
        "end_time": "17:00:00"
    }
},
{
    "model": "agency_api.serviceentry",
    "pk": 35,
    "fields": {
        "billing_account": 10,
        "healthcare_professional": 1,
        "date_of_service": "2022-04-15",
        "start_time": "13:00:00",
        "end_time": "15:30:00"
    }
},
{
    "model": "agency_api.serviceentry",
    "pk": 36,
    "fields": {
        "billing_account": 10,
        "healthcare_professional": 1,
        "date_of_service": "2022-04-18",
        "start_time": "13:30:00",
        "end_time": "17:30:00"
    }
},
{
    "model": "agency_api.serviceentry",
    "pk": 37,
    "fields": {
        "billing_account": 10,
        "healthcare_professional": 1,
        "date_of_service": "2022-04-20",
        "start_time": "13:30:00",
        "end_time": "17:30:00"
    }
},
{
    "model": "agency_api.serviceentry",
    "pk": 38,
    "fields": {
        "billing_account": 10,
        "healthcare_professional": 1,
        "date_of_service": "2022-04-22",
        "start_time": "14:00:00",
        "end_time": "18:00:00"
    }
},
{
    "model": "agency_api.serviceentry",
    "pk": 39,
    "fields": {
        "billing_account": 5,
        "healthcare_professional": 4,
        "date_of_service": "2022-04-10",
        "start_time": "10:00:00",
        "end_time": "11:00:00"
    }
},
{
    "model": "agency_api.serviceentry",
    "pk": 40,
    "fields": {
        "billing_account": 5,
        "healthcare_professional": 4,
        "date_of_service": "2022-04-12",
        "start_time": "10:00:00",
        "end_time": "11:00:00"
    }
},
{
    "model": "agency_api.serviceentry",
    "pk": 41,
    "fields": {
        "billing_account": 5,
        "healthcare_professional": 4,
        "date_of_service": "2022-04-14",
        "start_time": "10:00:00",
        "end_time": "11:00:00"
    }
},
{
    "model": "agency_api.serviceentry",
    "pk": 42,
    "fields": {
        "billing_account": 5,
        "healthcare_professional": 4,
        "date_of_service": "2022-04-17",
        "start_time": "10:00:00",
        "end_time": "11:00:00"
    }
},
{
    "model": "agency_api.serviceentry",
    "pk": 43,
    "fields": {
        "billing_account": 5,
        "healthcare_professional": 4,
        "date_of_service": "2022-04-21",
        "start_time": "10:00:00",
        "end_time": "11:00:00"
    }
},
{
    "model": "agency_api.serviceentry",
    "pk": 44,
    "fields": {
        "billing_account": 8,
        "healthcare_professional": 15,
        "date_of_service": "2022-04-12",
        "start_time": "16:00:00",
        "end_time": "17:00:00"
    }
},
{
    "model": "agency_api.serviceentry",
    "pk": 45,
    "fields": {
        "billing_account": 8,
        "healthcare_professional": 15,
        "date_of_service": "2022-04-14",
        "start_time": "16:00:00",
        "end_time": "17:00:00"
    }
},
{
    "model": "agency_api.serviceentry",
    "pk": 46,
    "fields": {
        "billing_account": 8,
        "healthcare_professional": 15,
        "date_of_service": "2022-04-19",
        "start_time": "16:00:00",
        "end_time": "17:00:00"
    }
},
{
    "model": "agency_api.serviceentry",
    "pk": 47,
    "fields": {
        "billing_account": 8,
        "healthcare_professional": 15,
        "date_of_service": "2022-04-21",
        "start_time": "16:00:00",
        "end_time": "17:00:00"
    }
},
{
    "model": "agency_api.serviceentry",
    "pk": 48,
    "fields": {
        "billing_account": 9,
        "healthcare_professional": 12,
        "date_of_service": "2022-04-11",
        "start_time": "10:00:00",
        "end_time": "11:00:00"
    }
},
{
    "model": "agency_api.serviceentry",
    "pk": 49,
    "fields": {
        "billing_account": 9,
        "healthcare_professional": 12,
        "date_of_service": "2022-04-15",
        "start_time": "10:00:00",
        "end_time": "10:30:00"
    }
},
{
    "model": "agency_api.serviceentry",
    "pk": 50,
    "fields": {
        "billing_account": 9,
        "healthcare_professional": 12,
        "date_of_service": "2022-04-18",
        "start_time": "10:00:00",
        "end_time": "10:30:00"
    }
},
{
    "model": "agency_api.serviceentry",
    "pk": 51,
    "fields": {
        "billing_account": 9,
        "healthcare_professional": 12,
        "date_of_service": "2022-04-22",
        "start_time": "10:00:00",
        "end_time": "11:00:00"
    }
},
{
    "model": "agency_api.accountstatus",
    "pk": 1,
    "fields": {
        "user": 1,
        "is_locked": false
    }
},
{
    "model": "agency_api.accountstatus",
    "pk": 2,
    "fields": {
        "user": 2,
        "is_locked": false
    }
},
{
    "model": "agency_api.accountstatus",
    "pk": 3,
    "fields": {
        "user": 3,
        "is_locked": false
    }
},
{
    "model": "agency_api.accountstatus",
    "pk": 4,
    "fields": {
        "user": 4,
        "is_locked": false
    }
},
{
    "model": "agency_api.accountstatus",
    "pk": 5,
    "fields": {
        "user": 5,
        "is_locked": false
    }
},
{
    "model": "agency_api.accountstatus",
    "pk": 6,
    "fields": {
        "user": 6,
        "is_locked": false
    }
},
{
    "model": "agency_api.accountstatus",
    "pk": 7,
    "fields": {
        "user": 7,
        "is_locked": false
    }
},
{
    "model": "agency_api.accountstatus",
    "pk": 8,
    "fields": {
        "user": 8,
        "is_locked": false
    }
},
{
    "model": "agency_api.accountstatus",
    "pk": 9,
    "fields": {
        "user": 9,
        "is_locked": false
    }
},
{
    "model": "agency_api.accountstatus",
    "pk": 10,
    "fields": {
        "user": 10,
        "is_locked": false
    }
},
{
    "model": "agency_api.accountstatus",
    "pk": 11,
    "fields": {
        "user": 11,
        "is_locked": false
    }
},
{
    "model": "agency_api.accountstatus",
    "pk": 12,
    "fields": {
        "user": 12,
        "is_locked": false
    }
},
{
    "model": "agency_api.accountstatus",
    "pk": 13,
    "fields": {
        "user": 13,
        "is_locked": false
    }
},
{
    "model": "agency_api.accountstatus",
    "pk": 14,
    "fields": {
        "user": 14,
        "is_locked": false
    }
},
{
    "model": "agency_api.accountstatus",
    "pk": 15,
    "fields": {
        "user": 15,
        "is_locked": false
    }
},
{
    "model": "agency_api.accountstatus",
    "pk": 16,
    "fields": {
        "user": 16,
        "is_locked": false
    }
},
{
    "model": "agency_api.accountstatus",
    "pk": 17,
    "fields": {
        "user": 17,
        "is_locked": false
    }
},
{
    "model": "agency_api.accountstatus",
    "pk": 18,
    "fields": {
        "user": 18,
        "is_locked": false
    }
},
{
    "model": "agency_api.accountstatus",
    "pk": 19,
    "fields": {
        "user": 19,
        "is_locked": false
    }
},
{
    "model": "agency_api.accountstatus",
    "pk": 20,
    "fields": {
        "user": 20,
        "is_locked": false
    }
},
{
    "model": "agency_api.accountstatus",
    "pk": 21,
    "fields": {
        "user": 21,
        "is_locked": false
    }
},
{
    "model": "agency_api.accountstatus",
    "pk": 22,
    "fields": {
        "user": 22,
        "is_locked": false
    }
},
{
    "model": "agency_api.accountstatus",
    "pk": 23,
    "fields": {
        "user": 23,
        "is_locked": false
    }
},
{
    "model": "agency_api.accountstatus",
    "pk": 24,
    "fields": {
        "user": 24,
        "is_locked": false
    }
},
{
    "model": "agency_api.accountstatus",
    "pk": 25,
    "fields": {
        "user": 25,
        "is_locked": false
    }
},
{
    "model": "agency_api.accountstatus",
    "pk": 26,
    "fields": {
        "user": 26,
        "is_locked": false
    }
},
{
    "model": "agency_api.accountstatus",
    "pk": 27,
    "fields": {
        "user": 27,
        "is_locked": false
    }
},
{
    "model": "agency_api.accountstatus",
    "pk": 28,
    "fields": {
        "user": 28,
        "is_locked": false
    }
},
{
    "model": "agency_api.accountstatus",
    "pk": 29,
    "fields": {
        "user": 29,
        "is_locked": false
    }
},
{
    "model": "knox.authtoken",
    "pk": "04f6201ea615487464265ff181e9ebeb10fb6d722f93b60cb8f1574fb9a505d3a76cba86cc4e6fd31096fa1dddcb96dbe20052f16a802b4a575f59a886375c40",
    "fields": {
        "token_key": "96f10bd3",
        "user": 15,
        "created": "2022-04-15T01:04:52.341",
        "expiry": "2022-04-15T11:04:52.341"
    }
},
{
    "model": "knox.authtoken",
    "pk": "0734decde7f40a6f810d00a929e0efefe2ff2a0f90da9aacd54c858fbc4dba78ced444d5e3bafeb8873979c00350137a8fd11aa1a07d4ba04960df9f9a20ba5e",
    "fields": {
        "token_key": "d45d5edc",
        "user": 2,
        "created": "2022-04-15T05:03:15.832",
        "expiry": "2022-04-15T15:03:15.831"
    }
},
{
    "model": "knox.authtoken",
    "pk": "0d33e311eed7e3ae148fab417fb4e7e399c93d01d16017298aeae3fdc58cf637830d53570380224777e9f05dae44920c51ea365eb635751073582704b12d1cde",
    "fields": {
        "token_key": "cd4c82e7",
        "user": 2,
        "created": "2022-04-15T01:04:38.406",
        "expiry": "2022-04-15T11:04:38.405"
    }
},
{
    "model": "knox.authtoken",
    "pk": "16c8b29ad3484b9d5241bb7c6602950a2ddbebd5407355f37b21caab298eee53b2a8dceaf725a485f35bdd86ecfa3a23ec1aa805a4312ee13e1cf69661cc1ba6",
    "fields": {
        "token_key": "34e96f41",
        "user": 7,
        "created": "2022-04-15T01:04:39.185",
        "expiry": "2022-04-15T11:04:39.185"
    }
},
{
    "model": "knox.authtoken",
    "pk": "1a4cab499415032d2ef08fdf672485dafa4c521ea65b6644bd0f491cef6fb74d96b85443a3ece6357240cafe7d6f585659f417bde998fa86a8de19afde432edd",
    "fields": {
        "token_key": "8849a284",
        "user": 10,
        "created": "2022-04-15T01:04:51.505",
        "expiry": "2022-04-15T11:04:51.504"
    }
},
{
    "model": "knox.authtoken",
    "pk": "1f03647dc917235b0234d003ec48cfb5ca300fcd1a37d77093409f41d5c1450d277f5d12518112961a22adc6b741c2f369deacb8001ca54fc79f37011436cd50",
    "fields": {
        "token_key": "199daa2d",
        "user": 16,
        "created": "2022-04-15T01:04:52.496",
        "expiry": "2022-04-15T11:04:52.496"
    }
},
{
    "model": "knox.authtoken",
    "pk": "2930673caa80daeefe06a9877f34df1320632b6f990fc84f50276768cf7b943338996b963a4aa86cbfe5e459e94ca747b1cc3544c6bdfcaa4f33744f49bb4c24",
    "fields": {
        "token_key": "9fb93100",
        "user": 13,
        "created": "2022-04-15T01:04:51.995",
        "expiry": "2022-04-15T11:04:51.995"
    }
},
{
    "model": "knox.authtoken",
    "pk": "36cf5c71e6279b0ae285c1b7ba320e6cf92dd85021437deda26f272b5313a84384ffccd233a19f0c0e003fd3c0ff3d62093140fd9b5f6f04d25d2832fae31072",
    "fields": {
        "token_key": "e2783621",
        "user": 24,
        "created": "2022-04-15T01:04:53.759",
        "expiry": "2022-04-15T11:04:53.759"
    }
},
{
    "model": "knox.authtoken",
    "pk": "3c8922195160fd1b6c5e78ade4b03cb66a235f6ff8e45addf250e8a0b72037343d602ce178faa96d15f47bb6f7fc69d8ccbfc5556939bb7612a79afb694efb31",
    "fields": {
        "token_key": "e4eb7c4b",
        "user": 28,
        "created": "2022-04-15T01:04:57.088",
        "expiry": "2022-04-15T11:04:57.088"
    }
},
{
    "model": "knox.authtoken",
    "pk": "41852415335c2a28945815248b11ee24b351a51631fadec97efb6a2abf6bc5736c014db77923f40bd9d74e4054288c990fddd8324a72ee08c4331d68021790d0",
    "fields": {
        "token_key": "698fae78",
        "user": 17,
        "created": "2022-04-15T01:04:52.656",
        "expiry": "2022-04-15T11:04:52.655"
    }
},
{
    "model": "knox.authtoken",
    "pk": "4736080406f41ee3903c07a201f7666190cc4664a410bd3ce56e7fd36508840f9c6923168086ac8ddf0cf97449c76e8a999e9689edb724408fd22f9636c3de08",
    "fields": {
        "token_key": "27429a5b",
        "user": 22,
        "created": "2022-04-15T01:04:53.435",
        "expiry": "2022-04-15T11:04:53.435"
    }
},
{
    "model": "knox.authtoken",
    "pk": "4c67ae062125410b98d829a02a487f40d3a021fda829fa971305c70948b2e4636285300846c02670d7efb85edbc7d6a561b9b92d5c05dafeb19006e81567dea1",
    "fields": {
        "token_key": "4cd3206a",
        "user": 25,
        "created": "2022-04-15T01:04:56.608",
        "expiry": "2022-04-15T11:04:56.607"
    }
},
{
    "model": "knox.authtoken",
    "pk": "63a54c6fbc1b6591c110b3d4b8b7f06acc29dfca4a8744bf93e19674153375f4d3a87a6c63c0f9b688c667079ec5407b379cca3b34e188e0f5f4e2ab632e6545",
    "fields": {
        "token_key": "9037b167",
        "user": 5,
        "created": "2022-04-15T01:04:38.880",
        "expiry": "2022-04-15T11:04:38.879"
    }
},
{
    "model": "knox.authtoken",
    "pk": "6bb86c490c6270ce145b3396496932f8f575e3ebdb6988c67a75e8141b0aece076e1529b95c75a4e843158fb88f6c7d0f9143857f9a8fbf4a9a4d257b4ce1ade",
    "fields": {
        "token_key": "d87f62b1",
        "user": 18,
        "created": "2022-04-15T01:04:52.809",
        "expiry": "2022-04-15T11:04:52.809"
    }
},
{
    "model": "knox.authtoken",
    "pk": "813a97ac820053f267f4e026cd0385f39077eda2cf11318b6e152ecee887bbd2bbf5423f63f732d22151ac0e0cf71b9bef134b1a8349c5409539e8c191cd774f",
    "fields": {
        "token_key": "dde91ebc",
        "user": 19,
        "created": "2022-04-15T01:04:52.966",
        "expiry": "2022-04-15T11:04:52.965"
    }
},
{
    "model": "knox.authtoken",
    "pk": "8716b69753c4f24f5e89d5639fae8c7a6c34627ee4bb640035ddc2e6ab68cc32b9fedafe89fb434b5bf58c7737ce1e3d76ac360e99b40795829435ddf6246940",
    "fields": {
        "token_key": "b2845154",
        "user": 26,
        "created": "2022-04-15T01:04:56.758",
        "expiry": "2022-04-15T11:04:56.758"
    }
},
{
    "model": "knox.authtoken",
    "pk": "961041d6bc2c428b01a1a0f04f4f76adf28f40303af77f5bb4ec672a996b673a467b5c30d777281cc91a2496a47069de3e46ff8bfef0417fcdf3dd5acdc43c0a",
    "fields": {
        "token_key": "633ea21b",
        "user": 29,
        "created": "2022-04-15T01:04:57.253",
        "expiry": "2022-04-15T11:04:57.253"
    }
},
{
    "model": "knox.authtoken",
    "pk": "b28e485d15218b7772adb4ebfcbdd4e1fc41ea00645b5ad78dc149f8a6db277b5dff06b35e0e587a6ad3ffcd47609a9825a2be14a4b66d5c1e6c04e9ce04b240",
    "fields": {
        "token_key": "60fca7e6",
        "user": 9,
        "created": "2022-04-15T01:04:39.500",
        "expiry": "2022-04-15T11:04:39.500"
    }
},
{
    "model": "knox.authtoken",
    "pk": "b6dd7d658510ea27a05b2715960ecb01ac98d7e6ff18b1a8ce1848464f90b07fdf447aaa9839054d43b7bf876dd7c057dd2e5b145027ce22630d3b4b6e345fb7",
    "fields": {
        "token_key": "57bd6d7c",
        "user": 20,
        "created": "2022-04-15T01:04:53.123",
        "expiry": "2022-04-15T11:04:53.123"
    }
},
{
    "model": "knox.authtoken",
    "pk": "b76f7e5d9482f21c42f3d4ba59cfbb70df20d973f9ccee97b6af52402f9bdc676ddf38d78ec96fb67fe1560e5e4ba25c4581502b41835db832ca3151b37f6451",
    "fields": {
        "token_key": "7b31ec30",
        "user": 4,
        "created": "2022-04-15T01:04:38.725",
        "expiry": "2022-04-15T11:04:38.725"
    }
},
{
    "model": "knox.authtoken",
    "pk": "bf73ece9186d684dd40a7aa4fdaaaecd23ccf90227b01f34fde1e8dd9a38b364378cf4835642a1b426db08b50658a5acffd79c387da398d88445d29e41d076b8",
    "fields": {
        "token_key": "398dc830",
        "user": 12,
        "created": "2022-04-15T01:04:51.834",
        "expiry": "2022-04-15T11:04:51.834"
    }
},
{
    "model": "knox.authtoken",
    "pk": "c1c108afd456420e4a2c4a0f8f97fda75c6a4f23ff8cecaef015f9162f052454b07c4899c81ce060593188366f964ebc291c73822ef401e941577c0cb115ffad",
    "fields": {
        "token_key": "e54c4d88",
        "user": 27,
        "created": "2022-04-15T01:04:56.915",
        "expiry": "2022-04-15T11:04:56.913"
    }
},
{
    "model": "knox.authtoken",
    "pk": "cbdd9e342791e4213d9e06f02a7a97ded1fb6b8aca5ecbf70bf0a99c6fe7a93ce6f57fa0da32571d39462a681d7df94418a6db0afc7539c02f4650bf58953453",
    "fields": {
        "token_key": "07df1cf3",
        "user": 3,
        "created": "2022-04-15T01:04:38.559",
        "expiry": "2022-04-15T11:04:38.558"
    }
},
{
    "model": "knox.authtoken",
    "pk": "d004dc9183afe9052c5abedfa80e65b3e43c5eda63489a796a977901d6cfb6da70cbc237b7963118bcb2d843e479e4d7cda28f5756580e228940ebc59466ae1b",
    "fields": {
        "token_key": "60b0f7f4",
        "user": 11,
        "created": "2022-04-15T01:04:51.671",
        "expiry": "2022-04-15T11:04:51.670"
    }
},
{
    "model": "knox.authtoken",
    "pk": "e94f03d4c9c3493279b881fc215f9d5c4bf4e34a7a0801ee462a394657c7211348ec7c1de18627052ea479215affc38d5fed418b61f0c8390517879f936b9067",
    "fields": {
        "token_key": "da6280d6",
        "user": 14,
        "created": "2022-04-15T01:04:52.181",
        "expiry": "2022-04-15T11:04:52.181"
    }
},
{
    "model": "knox.authtoken",
    "pk": "ea91d9ea43e3e47e590b82c706996aa4b6610654510b51d0c255cd511f38dda2f2851c4c00fcfd93ecd277cfffe03dcee7dc0e7ee95918d09babb5d65e6a4a79",
    "fields": {
        "token_key": "5e1c5d74",
        "user": 21,
        "created": "2022-04-15T01:04:53.279",
        "expiry": "2022-04-15T11:04:53.279"
    }
},
{
    "model": "knox.authtoken",
    "pk": "f31e00e9fc82315b4115dd9ccd56da85d41fb2a1bab90bdf9e0356cdff2433778cf5222e76ab3553680411c35638d85b18b62e60d1da8f18027b4fea4f5ce926",
    "fields": {
        "token_key": "cf04dfa9",
        "user": 6,
        "created": "2022-04-15T01:04:39.029",
        "expiry": "2022-04-15T11:04:39.028"
    }
},
{
    "model": "knox.authtoken",
    "pk": "f95c5af7fd6f1ef7f38228bed4e38e3f713f813551f505d04731caec6365158ee963e46649d64787424a8be548ffbef290874bdb2e4788ea9f1f06e6a32e4216",
    "fields": {
        "token_key": "01b56d04",
        "user": 8,
        "created": "2022-04-15T01:04:39.339",
        "expiry": "2022-04-15T11:04:39.339"
    }
},
{
    "model": "knox.authtoken",
    "pk": "fc9e4b645683790b3924f836065ae72d28cf95e3ca11d577f2c6f34e77a10dde540c6db13d11d4c11115ca70b8f9a4862970d63f3ad0ae9e38919f6393363184",
    "fields": {
        "token_key": "d5756adc",
        "user": 23,
        "created": "2022-04-15T01:04:53.590",
        "expiry": "2022-04-15T11:04:53.589"
    }
}
]
